--------------------------------------------------------
-- Archivo creado  - martes-enero-28-2020   
--------------------------------------------------------
--------------------------------------------------------
--  DDL for Sequence CAT_ID_SEQ
--------------------------------------------------------

   CREATE SEQUENCE  "ABACERIA"."CAT_ID_SEQ"  MINVALUE 1 MAXVALUE 9999999999999999999999999999 INCREMENT BY 1 START WITH 22 NOCACHE  NOORDER  NOCYCLE  NOKEEP  NOSCALE  GLOBAL ;
--------------------------------------------------------
--  DDL for Sequence COM_PROV_ID_SEQ
--------------------------------------------------------

   CREATE SEQUENCE  "ABACERIA"."COM_PROV_ID_SEQ"  MINVALUE 1 MAXVALUE 9999999999999999999999999999 INCREMENT BY 1 START WITH 14 NOCACHE  NOORDER  NOCYCLE  NOKEEP  NOSCALE  GLOBAL ;
--------------------------------------------------------
--  DDL for Sequence FAC_CAB_ID_SEQ
--------------------------------------------------------

   CREATE SEQUENCE  "ABACERIA"."FAC_CAB_ID_SEQ"  MINVALUE 1 MAXVALUE 9999999999999999999999999999 INCREMENT BY 1 START WITH 56 NOCACHE  NOORDER  NOCYCLE  NOKEEP  NOSCALE  GLOBAL ;
--------------------------------------------------------
--  DDL for Sequence FAC_DET_ID_SEQ
--------------------------------------------------------

   CREATE SEQUENCE  "ABACERIA"."FAC_DET_ID_SEQ"  MINVALUE 1 MAXVALUE 9999999999999999999999999999 INCREMENT BY 1 START WITH 40 NOCACHE  NOORDER  NOCYCLE  NOKEEP  NOSCALE  GLOBAL ;
--------------------------------------------------------
--  DDL for Sequence PER_ID_SEQ
--------------------------------------------------------

   CREATE SEQUENCE  "ABACERIA"."PER_ID_SEQ"  MINVALUE 1 MAXVALUE 9999999999999999999999999999 INCREMENT BY 1 START WITH 38 NOCACHE  NOORDER  NOCYCLE  NOKEEP  NOSCALE  GLOBAL ;
--------------------------------------------------------
--  DDL for Sequence PRO_ID_SEQ
--------------------------------------------------------

   CREATE SEQUENCE  "ABACERIA"."PRO_ID_SEQ"  MINVALUE 1 MAXVALUE 9999999999999999999999999999 INCREMENT BY 1 START WITH 21 NOCACHE  NOORDER  NOCYCLE  NOKEEP  NOSCALE  GLOBAL ;
--------------------------------------------------------
--  DDL for Sequence UNI_MED_ID_SEQ
--------------------------------------------------------

   CREATE SEQUENCE  "ABACERIA"."UNI_MED_ID_SEQ"  MINVALUE 1 MAXVALUE 9999999999999999999999999999 INCREMENT BY 1 START WITH 20 NOCACHE  NOORDER  NOCYCLE  NOKEEP  NOSCALE  GLOBAL ;
--------------------------------------------------------
--  DDL for Table ABA_AUDIT_PRODUCTOS
--------------------------------------------------------

  CREATE TABLE "ABACERIA"."ABA_AUDIT_PRODUCTOS" 
   (	"NEW_PRO_ID" NUMBER(8,0), 
	"NEW_ABA_CATEGORIAS_CAT_ID" VARCHAR2(100 BYTE), 
	"NEW_PRO_DESCRIPCION" VARCHAR2(50 BYTE), 
	"NEW_PRO_STOCK" NUMBER(7,0), 
	"NEW_PRO_TIENE_IVA" CHAR(1 BYTE), 
	"NEW_PRO_NACIONAL" CHAR(1 BYTE), 
	"NEW_PRO_PRECIO" NUMBER(5,2), 
	"NEW_PRO_CODIGO_BARRAS" VARCHAR2(14 BYTE), 
	"NEW_UNI_MED_ID" NUMBER(8,0), 
	"OLD_PRO_ID" NUMBER(8,0), 
	"OLD_ABA_CATEGORIAS_CAT_ID" VARCHAR2(100 BYTE), 
	"OLD_PRO_DESCRIPCION" VARCHAR2(50 BYTE), 
	"OLD_PRO_STOCK" NUMBER(7,0), 
	"OLD_PRO_TIENE_IVA" CHAR(1 BYTE), 
	"OLD_PRO_NACIONAL" CHAR(1 BYTE), 
	"OLD_PRO_PRECIO" NUMBER(5,2), 
	"OLD_PRO_CODIGO_BARRAS" VARCHAR2(14 BYTE), 
	"OLD_UNI_MED_ID" NUMBER(8,0), 
	"AUD_EST_FECHA" TIMESTAMP (6), 
	"AUD_EST_USUARIO" VARCHAR2(50 BYTE), 
	"AUD_EST_HOST" VARCHAR2(100 BYTE)
   ) SEGMENT CREATION DEFERRED 
  PCTFREE 10 PCTUSED 40 INITRANS 1 MAXTRANS 255 
 NOCOMPRESS LOGGING
  TABLESPACE "USERS" ;
--------------------------------------------------------
--  DDL for Table ABA_CATEGORIAS
--------------------------------------------------------

  CREATE TABLE "ABACERIA"."ABA_CATEGORIAS" 
   (	"CAT_ID" NUMBER(4,0), 
	"CAT_NOMBRE" VARCHAR2(50 BYTE)
   ) SEGMENT CREATION IMMEDIATE 
  PCTFREE 10 PCTUSED 40 INITRANS 1 MAXTRANS 255 
 NOCOMPRESS LOGGING
  STORAGE(INITIAL 65536 NEXT 1048576 MINEXTENTS 1 MAXEXTENTS 2147483645
  PCTINCREASE 0 FREELISTS 1 FREELIST GROUPS 1
  BUFFER_POOL DEFAULT FLASH_CACHE DEFAULT CELL_FLASH_CACHE DEFAULT)
  TABLESPACE "USERS" ;

   COMMENT ON COLUMN "ABACERIA"."ABA_CATEGORIAS"."CAT_ID" IS 'identificador numerico unico de la categoria';
   COMMENT ON COLUMN "ABACERIA"."ABA_CATEGORIAS"."CAT_NOMBRE" IS 'nombre de una categoria de productos
ejm: alimentos, bebidas';
--------------------------------------------------------
--  DDL for Table ABA_COMPRAS_PROVEEDOR
--------------------------------------------------------

  CREATE TABLE "ABACERIA"."ABA_COMPRAS_PROVEEDOR" 
   (	"COM_PROV_ID" NUMBER(7,0), 
	"COM_PROV_FECHA" DATE, 
	"COM_PROV_CANTIDAD" NUMBER(4,0), 
	"ABA_PRODUCTOS_PRO_ID" NUMBER(7,0), 
	"ABA_PERSONAS_PER_ID" NUMBER(8,0), 
	"COM_PROV_NUMERO_FACTURA" NUMBER(7,0)
   ) SEGMENT CREATION IMMEDIATE 
  PCTFREE 10 PCTUSED 40 INITRANS 1 MAXTRANS 255 
 NOCOMPRESS LOGGING
  STORAGE(INITIAL 65536 NEXT 1048576 MINEXTENTS 1 MAXEXTENTS 2147483645
  PCTINCREASE 0 FREELISTS 1 FREELIST GROUPS 1
  BUFFER_POOL DEFAULT FLASH_CACHE DEFAULT CELL_FLASH_CACHE DEFAULT)
  TABLESPACE "USERS" ;

   COMMENT ON COLUMN "ABACERIA"."ABA_COMPRAS_PROVEEDOR"."COM_PROV_ID" IS 'identificador numerico unico de la compra que se le hace a un proveedor';
   COMMENT ON COLUMN "ABACERIA"."ABA_COMPRAS_PROVEEDOR"."COM_PROV_FECHA" IS 'fecha en la que se compraron productos al proveedor';
   COMMENT ON COLUMN "ABACERIA"."ABA_COMPRAS_PROVEEDOR"."COM_PROV_CANTIDAD" IS 'cantidad comprada de determinado producto';
   COMMENT ON COLUMN "ABACERIA"."ABA_COMPRAS_PROVEEDOR"."ABA_PRODUCTOS_PRO_ID" IS 'codigo numerico de producto que proveedor suministra a abaceria';
   COMMENT ON COLUMN "ABACERIA"."ABA_COMPRAS_PROVEEDOR"."ABA_PERSONAS_PER_ID" IS 'identificador de persona (proveedor) que entrega el producto';
   COMMENT ON COLUMN "ABACERIA"."ABA_COMPRAS_PROVEEDOR"."COM_PROV_NUMERO_FACTURA" IS 'numero de factura del proveedor correspondiente a nuestra compra';
--------------------------------------------------------
--  DDL for Table ABA_FACTURAS_CABECERA
--------------------------------------------------------

  CREATE TABLE "ABACERIA"."ABA_FACTURAS_CABECERA" 
   (	"FAC_CAB_ID" NUMBER(7,0), 
	"FAC_CAB_ESTADO" CHAR(1 BYTE), 
	"FAC_CAB_FECHA" DATE, 
	"FAC_CAB_SUBTOTAL" NUMBER(6,2), 
	"FAC_CAB_IVA" NUMBER(5,2), 
	"FAC_CAB_TOTAL" NUMBER(6,2), 
	"ABA_PERSONAS_PER_ID1" NUMBER(8,0), 
	"ABA_PERSONAS_PER_ID" NUMBER(8,0)
   ) SEGMENT CREATION IMMEDIATE 
  PCTFREE 10 PCTUSED 40 INITRANS 1 MAXTRANS 255 
 NOCOMPRESS LOGGING
  STORAGE(INITIAL 65536 NEXT 1048576 MINEXTENTS 1 MAXEXTENTS 2147483645
  PCTINCREASE 0 FREELISTS 1 FREELIST GROUPS 1
  BUFFER_POOL DEFAULT FLASH_CACHE DEFAULT CELL_FLASH_CACHE DEFAULT)
  TABLESPACE "USERS" ;

   COMMENT ON COLUMN "ABACERIA"."ABA_FACTURAS_CABECERA"."FAC_CAB_ID" IS 'identificador numerico unico de la factura';
   COMMENT ON COLUMN "ABACERIA"."ABA_FACTURAS_CABECERA"."FAC_CAB_ESTADO" IS 'true si la factura esta activa
false si se anulo';
   COMMENT ON COLUMN "ABACERIA"."ABA_FACTURAS_CABECERA"."FAC_CAB_FECHA" IS 'fecha en  la que se emite la factura';
   COMMENT ON COLUMN "ABACERIA"."ABA_FACTURAS_CABECERA"."FAC_CAB_SUBTOTAL" IS 'precio de la compra sin iva';
   COMMENT ON COLUMN "ABACERIA"."ABA_FACTURAS_CABECERA"."FAC_CAB_IVA" IS 'valor de recargo por iva';
   COMMENT ON COLUMN "ABACERIA"."ABA_FACTURAS_CABECERA"."FAC_CAB_TOTAL" IS 'total pagado por la compra (incluye iva)';
   COMMENT ON COLUMN "ABACERIA"."ABA_FACTURAS_CABECERA"."ABA_PERSONAS_PER_ID1" IS 'identificador numerico del cliente al que le pertenece la factura';
   COMMENT ON COLUMN "ABACERIA"."ABA_FACTURAS_CABECERA"."ABA_PERSONAS_PER_ID" IS 'identificador numerico del empleado que realizo la factura';
--------------------------------------------------------
--  DDL for Table ABA_FACTURAS_DETALLE
--------------------------------------------------------

  CREATE TABLE "ABACERIA"."ABA_FACTURAS_DETALLE" 
   (	"FAC_DET_ID" NUMBER(8,0), 
	"FAC_CAB_ID" NUMBER(7,0), 
	"ABA_PRODUCTOS_PRO_ID" NUMBER(7,0), 
	"FAC_DET_CANTIDAD" NUMBER(4,0), 
	"FAC_DET_SUBTOTAL" NUMBER(6,2), 
	"FAC_DET_IVA" NUMBER(5,2), 
	"FAC_DET_TOTAL" NUMBER(6,2)
   ) SEGMENT CREATION IMMEDIATE 
  PCTFREE 10 PCTUSED 40 INITRANS 1 MAXTRANS 255 
 NOCOMPRESS LOGGING
  STORAGE(INITIAL 65536 NEXT 1048576 MINEXTENTS 1 MAXEXTENTS 2147483645
  PCTINCREASE 0 FREELISTS 1 FREELIST GROUPS 1
  BUFFER_POOL DEFAULT FLASH_CACHE DEFAULT CELL_FLASH_CACHE DEFAULT)
  TABLESPACE "USERS" ;

   COMMENT ON COLUMN "ABACERIA"."ABA_FACTURAS_DETALLE"."FAC_DET_ID" IS 'identificador numerico unico del detalle de factura';
   COMMENT ON COLUMN "ABACERIA"."ABA_FACTURAS_DETALLE"."FAC_CAB_ID" IS 'identificador numerico de la factura que le corresponde este detalle';
   COMMENT ON COLUMN "ABACERIA"."ABA_FACTURAS_DETALLE"."ABA_PRODUCTOS_PRO_ID" IS 'identificador numerico del producto al que le corresponde el detalle';
   COMMENT ON COLUMN "ABACERIA"."ABA_FACTURAS_DETALLE"."FAC_DET_CANTIDAD" IS 'cantidad de producto adquirida';
   COMMENT ON COLUMN "ABACERIA"."ABA_FACTURAS_DETALLE"."FAC_DET_SUBTOTAL" IS 'precio del/los productos sin iva';
   COMMENT ON COLUMN "ABACERIA"."ABA_FACTURAS_DETALLE"."FAC_DET_IVA" IS 'recargo de iva';
   COMMENT ON COLUMN "ABACERIA"."ABA_FACTURAS_DETALLE"."FAC_DET_TOTAL" IS 'total del/los productos';
--------------------------------------------------------
--  DDL for Table ABA_PERSONAS
--------------------------------------------------------

  CREATE TABLE "ABACERIA"."ABA_PERSONAS" 
   (	"PER_ID" NUMBER(8,0), 
	"PER_TIPO_ADMINISTRADOR" CHAR(1 BYTE), 
	"PER_CEDULA" VARCHAR2(10 BYTE), 
	"PER_NOMBRE" VARCHAR2(50 BYTE), 
	"PER_APELLIDO" VARCHAR2(50 BYTE), 
	"PER_DIRECCION" VARCHAR2(100 BYTE), 
	"PER_TELEFONO" VARCHAR2(10 BYTE), 
	"PER_CELULAR" VARCHAR2(10 BYTE), 
	"PER_USUARIO" VARCHAR2(25 BYTE), 
	"PER_CONTRASENIA" VARCHAR2(25 BYTE), 
	"PER_ACTIVO" CHAR(1 BYTE), 
	"PER_RUC" VARCHAR2(15 BYTE), 
	"PER_EMPRESA" VARCHAR2(100 BYTE)
   ) SEGMENT CREATION IMMEDIATE 
  PCTFREE 10 PCTUSED 40 INITRANS 1 MAXTRANS 255 
 NOCOMPRESS LOGGING
  STORAGE(INITIAL 65536 NEXT 1048576 MINEXTENTS 1 MAXEXTENTS 2147483645
  PCTINCREASE 0 FREELISTS 1 FREELIST GROUPS 1
  BUFFER_POOL DEFAULT FLASH_CACHE DEFAULT CELL_FLASH_CACHE DEFAULT)
  TABLESPACE "USERS" ;

   COMMENT ON COLUMN "ABACERIA"."ABA_PERSONAS"."PER_ID" IS 'codigo numerico unico de persona registrada';
   COMMENT ON COLUMN "ABACERIA"."ABA_PERSONAS"."PER_TIPO_ADMINISTRADOR" IS '1 si es un empleado administrador
0  si es un empleado cajero';
   COMMENT ON COLUMN "ABACERIA"."ABA_PERSONAS"."PER_CEDULA" IS 'cedula de persona';
   COMMENT ON COLUMN "ABACERIA"."ABA_PERSONAS"."PER_NOMBRE" IS 'nombre o nombres de persona';
   COMMENT ON COLUMN "ABACERIA"."ABA_PERSONAS"."PER_APELLIDO" IS 'apellidos de persona';
   COMMENT ON COLUMN "ABACERIA"."ABA_PERSONAS"."PER_DIRECCION" IS 'direccion completa de la persona';
   COMMENT ON COLUMN "ABACERIA"."ABA_PERSONAS"."PER_TELEFONO" IS 'telefono convencional de persona';
   COMMENT ON COLUMN "ABACERIA"."ABA_PERSONAS"."PER_CELULAR" IS 'numero de celular de persona';
   COMMENT ON COLUMN "ABACERIA"."ABA_PERSONAS"."PER_USUARIO" IS 'Solo en caso de ser empleador: Usuario unico  para que empleado de la abaceria pueda acceder a sistema, ejm: Juan98';
   COMMENT ON COLUMN "ABACERIA"."ABA_PERSONAS"."PER_CONTRASENIA" IS 'Solo en caso de ser empleado: Contrasenia para que empleado de la abaceria pueda acceder a sistema';
   COMMENT ON COLUMN "ABACERIA"."ABA_PERSONAS"."PER_ACTIVO" IS 'true (si el empleado tiene una cuenta activa / cliente esta activo)
false (si el empleado no esta activo / cliente no esta activo)';
--------------------------------------------------------
--  DDL for Table ABA_PRODUCTOS
--------------------------------------------------------

  CREATE TABLE "ABACERIA"."ABA_PRODUCTOS" 
   (	"PRO_ID" NUMBER(7,0), 
	"ABA_CATEGORIAS_CAT_ID" NUMBER(4,0), 
	"PRO_DESCRIPCION" VARCHAR2(50 BYTE), 
	"PRO_STOCK" NUMBER(7,0), 
	"PRO_TIENE_IVA" CHAR(1 BYTE), 
	"PRO_NACIONAL" CHAR(1 BYTE), 
	"PRO_PRECIO" NUMBER(5,2), 
	"PRO_CODIGO_BARRAS" VARCHAR2(14 BYTE), 
	"UNI_MED_ID" NUMBER(8,0), 
	"PRO_ACTIVO" CHAR(1 BYTE)
   ) SEGMENT CREATION IMMEDIATE 
  PCTFREE 10 PCTUSED 40 INITRANS 1 MAXTRANS 255 
 NOCOMPRESS LOGGING
  STORAGE(INITIAL 65536 NEXT 1048576 MINEXTENTS 1 MAXEXTENTS 2147483645
  PCTINCREASE 0 FREELISTS 1 FREELIST GROUPS 1
  BUFFER_POOL DEFAULT FLASH_CACHE DEFAULT CELL_FLASH_CACHE DEFAULT)
  TABLESPACE "USERS" ;

   COMMENT ON COLUMN "ABACERIA"."ABA_PRODUCTOS"."PRO_ID" IS 'identificador numerico unico del producto';
   COMMENT ON COLUMN "ABACERIA"."ABA_PRODUCTOS"."ABA_CATEGORIAS_CAT_ID" IS 'codigo numerico de la categoria que le corresponde al producto';
   COMMENT ON COLUMN "ABACERIA"."ABA_PRODUCTOS"."PRO_DESCRIPCION" IS 'nombre del producto adquirido ejm: Arroz';
   COMMENT ON COLUMN "ABACERIA"."ABA_PRODUCTOS"."PRO_STOCK" IS 'cantidad que se dispone del producto';
   COMMENT ON COLUMN "ABACERIA"."ABA_PRODUCTOS"."PRO_TIENE_IVA" IS 'true si tiene iva
false si no tiene iva';
   COMMENT ON COLUMN "ABACERIA"."ABA_PRODUCTOS"."PRO_NACIONAL" IS 'true si es nacional
false si no es nacional';
   COMMENT ON COLUMN "ABACERIA"."ABA_PRODUCTOS"."PRO_PRECIO" IS 'precio del producto (sin recargo de iva)';
   COMMENT ON COLUMN "ABACERIA"."ABA_PRODUCTOS"."PRO_CODIGO_BARRAS" IS 'codigo de barras para poder encontrar un producto rapidamente';
--------------------------------------------------------
--  DDL for Table ABA_UNIDADES_MEDIDA
--------------------------------------------------------

  CREATE TABLE "ABACERIA"."ABA_UNIDADES_MEDIDA" 
   (	"UNI_MED_ID" NUMBER(8,0), 
	"UNI_MED_DESCRIPCION" VARCHAR2(50 BYTE)
   ) SEGMENT CREATION IMMEDIATE 
  PCTFREE 10 PCTUSED 40 INITRANS 1 MAXTRANS 255 
 NOCOMPRESS LOGGING
  STORAGE(INITIAL 65536 NEXT 1048576 MINEXTENTS 1 MAXEXTENTS 2147483645
  PCTINCREASE 0 FREELISTS 1 FREELIST GROUPS 1
  BUFFER_POOL DEFAULT FLASH_CACHE DEFAULT CELL_FLASH_CACHE DEFAULT)
  TABLESPACE "USERS" ;
REM INSERTING into ABACERIA.ABA_AUDIT_PRODUCTOS
SET DEFINE OFF;
REM INSERTING into ABACERIA.ABA_CATEGORIAS
SET DEFINE OFF;
Insert into ABACERIA.ABA_CATEGORIAS (CAT_ID,CAT_NOMBRE) values ('13','Bebida');
Insert into ABACERIA.ABA_CATEGORIAS (CAT_ID,CAT_NOMBRE) values ('14','Embutidos');
Insert into ABACERIA.ABA_CATEGORIAS (CAT_ID,CAT_NOMBRE) values ('15','Lacteos');
Insert into ABACERIA.ABA_CATEGORIAS (CAT_ID,CAT_NOMBRE) values ('16','Granos');
Insert into ABACERIA.ABA_CATEGORIAS (CAT_ID,CAT_NOMBRE) values ('17','Despensa');
Insert into ABACERIA.ABA_CATEGORIAS (CAT_ID,CAT_NOMBRE) values ('18','Cuidado Personal');
Insert into ABACERIA.ABA_CATEGORIAS (CAT_ID,CAT_NOMBRE) values ('19','Limpieza');
Insert into ABACERIA.ABA_CATEGORIAS (CAT_ID,CAT_NOMBRE) values ('20','Carne');
Insert into ABACERIA.ABA_CATEGORIAS (CAT_ID,CAT_NOMBRE) values ('21','Panaderia');
REM INSERTING into ABACERIA.ABA_COMPRAS_PROVEEDOR
SET DEFINE OFF;
Insert into ABACERIA.ABA_COMPRAS_PROVEEDOR (COM_PROV_ID,COM_PROV_FECHA,COM_PROV_CANTIDAD,ABA_PRODUCTOS_PRO_ID,ABA_PERSONAS_PER_ID,COM_PROV_NUMERO_FACTURA) values ('4',to_date('10/09/2019','DD/MM/RRRR'),'40','11','36','1');
Insert into ABACERIA.ABA_COMPRAS_PROVEEDOR (COM_PROV_ID,COM_PROV_FECHA,COM_PROV_CANTIDAD,ABA_PRODUCTOS_PRO_ID,ABA_PERSONAS_PER_ID,COM_PROV_NUMERO_FACTURA) values ('5',to_date('10/09/2019','DD/MM/RRRR'),'40','12','36','2');
Insert into ABACERIA.ABA_COMPRAS_PROVEEDOR (COM_PROV_ID,COM_PROV_FECHA,COM_PROV_CANTIDAD,ABA_PRODUCTOS_PRO_ID,ABA_PERSONAS_PER_ID,COM_PROV_NUMERO_FACTURA) values ('6',to_date('10/09/2019','DD/MM/RRRR'),'40','13','36','3');
Insert into ABACERIA.ABA_COMPRAS_PROVEEDOR (COM_PROV_ID,COM_PROV_FECHA,COM_PROV_CANTIDAD,ABA_PRODUCTOS_PRO_ID,ABA_PERSONAS_PER_ID,COM_PROV_NUMERO_FACTURA) values ('7',to_date('10/09/2019','DD/MM/RRRR'),'40','14','36','4');
Insert into ABACERIA.ABA_COMPRAS_PROVEEDOR (COM_PROV_ID,COM_PROV_FECHA,COM_PROV_CANTIDAD,ABA_PRODUCTOS_PRO_ID,ABA_PERSONAS_PER_ID,COM_PROV_NUMERO_FACTURA) values ('8',to_date('10/09/2019','DD/MM/RRRR'),'40','15','36','5');
Insert into ABACERIA.ABA_COMPRAS_PROVEEDOR (COM_PROV_ID,COM_PROV_FECHA,COM_PROV_CANTIDAD,ABA_PRODUCTOS_PRO_ID,ABA_PERSONAS_PER_ID,COM_PROV_NUMERO_FACTURA) values ('9',to_date('10/09/2019','DD/MM/RRRR'),'40','16','36','6');
Insert into ABACERIA.ABA_COMPRAS_PROVEEDOR (COM_PROV_ID,COM_PROV_FECHA,COM_PROV_CANTIDAD,ABA_PRODUCTOS_PRO_ID,ABA_PERSONAS_PER_ID,COM_PROV_NUMERO_FACTURA) values ('10',to_date('10/09/2019','DD/MM/RRRR'),'40','17','36','7');
Insert into ABACERIA.ABA_COMPRAS_PROVEEDOR (COM_PROV_ID,COM_PROV_FECHA,COM_PROV_CANTIDAD,ABA_PRODUCTOS_PRO_ID,ABA_PERSONAS_PER_ID,COM_PROV_NUMERO_FACTURA) values ('11',to_date('10/09/2019','DD/MM/RRRR'),'40','18','36','8');
Insert into ABACERIA.ABA_COMPRAS_PROVEEDOR (COM_PROV_ID,COM_PROV_FECHA,COM_PROV_CANTIDAD,ABA_PRODUCTOS_PRO_ID,ABA_PERSONAS_PER_ID,COM_PROV_NUMERO_FACTURA) values ('12',to_date('10/09/2019','DD/MM/RRRR'),'40','19','36','9');
Insert into ABACERIA.ABA_COMPRAS_PROVEEDOR (COM_PROV_ID,COM_PROV_FECHA,COM_PROV_CANTIDAD,ABA_PRODUCTOS_PRO_ID,ABA_PERSONAS_PER_ID,COM_PROV_NUMERO_FACTURA) values ('13',to_date('10/09/2019','DD/MM/RRRR'),'40','20','36','10');
REM INSERTING into ABACERIA.ABA_FACTURAS_CABECERA
SET DEFINE OFF;
Insert into ABACERIA.ABA_FACTURAS_CABECERA (FAC_CAB_ID,FAC_CAB_ESTADO,FAC_CAB_FECHA,FAC_CAB_SUBTOTAL,FAC_CAB_IVA,FAC_CAB_TOTAL,ABA_PERSONAS_PER_ID1,ABA_PERSONAS_PER_ID) values ('46','1',to_date('28/01/2020','DD/MM/RRRR'),'4,2','0,5','4,7','26','34');
Insert into ABACERIA.ABA_FACTURAS_CABECERA (FAC_CAB_ID,FAC_CAB_ESTADO,FAC_CAB_FECHA,FAC_CAB_SUBTOTAL,FAC_CAB_IVA,FAC_CAB_TOTAL,ABA_PERSONAS_PER_ID1,ABA_PERSONAS_PER_ID) values ('47','1',to_date('20/01/2020','DD/MM/RRRR'),'20','2,4','22,4','37','34');
Insert into ABACERIA.ABA_FACTURAS_CABECERA (FAC_CAB_ID,FAC_CAB_ESTADO,FAC_CAB_FECHA,FAC_CAB_SUBTOTAL,FAC_CAB_IVA,FAC_CAB_TOTAL,ABA_PERSONAS_PER_ID1,ABA_PERSONAS_PER_ID) values ('48','1',to_date('15/01/2020','DD/MM/RRRR'),'6,5','0,78','7,28','31','34');
Insert into ABACERIA.ABA_FACTURAS_CABECERA (FAC_CAB_ID,FAC_CAB_ESTADO,FAC_CAB_FECHA,FAC_CAB_SUBTOTAL,FAC_CAB_IVA,FAC_CAB_TOTAL,ABA_PERSONAS_PER_ID1,ABA_PERSONAS_PER_ID) values ('49','1',to_date('25/01/2020','DD/MM/RRRR'),'7,7','0,92','8,62','33','34');
Insert into ABACERIA.ABA_FACTURAS_CABECERA (FAC_CAB_ID,FAC_CAB_ESTADO,FAC_CAB_FECHA,FAC_CAB_SUBTOTAL,FAC_CAB_IVA,FAC_CAB_TOTAL,ABA_PERSONAS_PER_ID1,ABA_PERSONAS_PER_ID) values ('50','1',to_date('20/01/2020','DD/MM/RRRR'),'10','1,2','11,2','35','34');
Insert into ABACERIA.ABA_FACTURAS_CABECERA (FAC_CAB_ID,FAC_CAB_ESTADO,FAC_CAB_FECHA,FAC_CAB_SUBTOTAL,FAC_CAB_IVA,FAC_CAB_TOTAL,ABA_PERSONAS_PER_ID1,ABA_PERSONAS_PER_ID) values ('51','1',to_date('21/01/2020','DD/MM/RRRR'),'12','1,44','13,44','29','34');
Insert into ABACERIA.ABA_FACTURAS_CABECERA (FAC_CAB_ID,FAC_CAB_ESTADO,FAC_CAB_FECHA,FAC_CAB_SUBTOTAL,FAC_CAB_IVA,FAC_CAB_TOTAL,ABA_PERSONAS_PER_ID1,ABA_PERSONAS_PER_ID) values ('52','1',to_date('22/01/2020','DD/MM/RRRR'),'3,2','0,38','3,58','28','34');
Insert into ABACERIA.ABA_FACTURAS_CABECERA (FAC_CAB_ID,FAC_CAB_ESTADO,FAC_CAB_FECHA,FAC_CAB_SUBTOTAL,FAC_CAB_IVA,FAC_CAB_TOTAL,ABA_PERSONAS_PER_ID1,ABA_PERSONAS_PER_ID) values ('53','1',to_date('28/01/2020','DD/MM/RRRR'),'14','1,68','15,68','29','34');
Insert into ABACERIA.ABA_FACTURAS_CABECERA (FAC_CAB_ID,FAC_CAB_ESTADO,FAC_CAB_FECHA,FAC_CAB_SUBTOTAL,FAC_CAB_IVA,FAC_CAB_TOTAL,ABA_PERSONAS_PER_ID1,ABA_PERSONAS_PER_ID) values ('54','1',to_date('18/01/2020','DD/MM/RRRR'),'18','2,16','20,16','26','34');
Insert into ABACERIA.ABA_FACTURAS_CABECERA (FAC_CAB_ID,FAC_CAB_ESTADO,FAC_CAB_FECHA,FAC_CAB_SUBTOTAL,FAC_CAB_IVA,FAC_CAB_TOTAL,ABA_PERSONAS_PER_ID1,ABA_PERSONAS_PER_ID) values ('55','1',to_date('11/01/2020','DD/MM/RRRR'),'3,4','0,41','3,81','30','34');
REM INSERTING into ABACERIA.ABA_FACTURAS_DETALLE
SET DEFINE OFF;
Insert into ABACERIA.ABA_FACTURAS_DETALLE (FAC_DET_ID,FAC_CAB_ID,ABA_PRODUCTOS_PRO_ID,FAC_DET_CANTIDAD,FAC_DET_SUBTOTAL,FAC_DET_IVA,FAC_DET_TOTAL) values ('17','46','11','2','1,2','0,14','1,34');
Insert into ABACERIA.ABA_FACTURAS_DETALLE (FAC_DET_ID,FAC_CAB_ID,ABA_PRODUCTOS_PRO_ID,FAC_DET_CANTIDAD,FAC_DET_SUBTOTAL,FAC_DET_IVA,FAC_DET_TOTAL) values ('18','46','19','1','3','0,36','3,36');
Insert into ABACERIA.ABA_FACTURAS_DETALLE (FAC_DET_ID,FAC_CAB_ID,ABA_PRODUCTOS_PRO_ID,FAC_DET_CANTIDAD,FAC_DET_SUBTOTAL,FAC_DET_IVA,FAC_DET_TOTAL) values ('19','47','13','3','12,6','1,51','14,11');
Insert into ABACERIA.ABA_FACTURAS_DETALLE (FAC_DET_ID,FAC_CAB_ID,ABA_PRODUCTOS_PRO_ID,FAC_DET_CANTIDAD,FAC_DET_SUBTOTAL,FAC_DET_IVA,FAC_DET_TOTAL) values ('20','47','18','2','6','0,72','6,72');
Insert into ABACERIA.ABA_FACTURAS_DETALLE (FAC_DET_ID,FAC_CAB_ID,ABA_PRODUCTOS_PRO_ID,FAC_DET_CANTIDAD,FAC_DET_SUBTOTAL,FAC_DET_IVA,FAC_DET_TOTAL) values ('21','47','20','7','1,4','0,17','1,57');
Insert into ABACERIA.ABA_FACTURAS_DETALLE (FAC_DET_ID,FAC_CAB_ID,ABA_PRODUCTOS_PRO_ID,FAC_DET_CANTIDAD,FAC_DET_SUBTOTAL,FAC_DET_IVA,FAC_DET_TOTAL) values ('22','48','12','2','2','0,24','2,24');
Insert into ABACERIA.ABA_FACTURAS_DETALLE (FAC_DET_ID,FAC_CAB_ID,ABA_PRODUCTOS_PRO_ID,FAC_DET_CANTIDAD,FAC_DET_SUBTOTAL,FAC_DET_IVA,FAC_DET_TOTAL) values ('23','48','14','1','3,5','0,42','3,92');
Insert into ABACERIA.ABA_FACTURAS_DETALLE (FAC_DET_ID,FAC_CAB_ID,ABA_PRODUCTOS_PRO_ID,FAC_DET_CANTIDAD,FAC_DET_SUBTOTAL,FAC_DET_IVA,FAC_DET_TOTAL) values ('24','48','15','1','1','0,12','1,12');
Insert into ABACERIA.ABA_FACTURAS_DETALLE (FAC_DET_ID,FAC_CAB_ID,ABA_PRODUCTOS_PRO_ID,FAC_DET_CANTIDAD,FAC_DET_SUBTOTAL,FAC_DET_IVA,FAC_DET_TOTAL) values ('25','49','13','1','4,2','0,5','4,7');
Insert into ABACERIA.ABA_FACTURAS_DETALLE (FAC_DET_ID,FAC_CAB_ID,ABA_PRODUCTOS_PRO_ID,FAC_DET_CANTIDAD,FAC_DET_SUBTOTAL,FAC_DET_IVA,FAC_DET_TOTAL) values ('26','49','17','1','3,5','0,42','3,92');
Insert into ABACERIA.ABA_FACTURAS_DETALLE (FAC_DET_ID,FAC_CAB_ID,ABA_PRODUCTOS_PRO_ID,FAC_DET_CANTIDAD,FAC_DET_SUBTOTAL,FAC_DET_IVA,FAC_DET_TOTAL) values ('27','50','16','4','8','0,96','8,96');
Insert into ABACERIA.ABA_FACTURAS_DETALLE (FAC_DET_ID,FAC_CAB_ID,ABA_PRODUCTOS_PRO_ID,FAC_DET_CANTIDAD,FAC_DET_SUBTOTAL,FAC_DET_IVA,FAC_DET_TOTAL) values ('28','50','20','10','2','0,24','2,24');
Insert into ABACERIA.ABA_FACTURAS_DETALLE (FAC_DET_ID,FAC_CAB_ID,ABA_PRODUCTOS_PRO_ID,FAC_DET_CANTIDAD,FAC_DET_SUBTOTAL,FAC_DET_IVA,FAC_DET_TOTAL) values ('29','51','12','3','3','0,36','3,36');
Insert into ABACERIA.ABA_FACTURAS_DETALLE (FAC_DET_ID,FAC_CAB_ID,ABA_PRODUCTOS_PRO_ID,FAC_DET_CANTIDAD,FAC_DET_SUBTOTAL,FAC_DET_IVA,FAC_DET_TOTAL) values ('30','51','15','2','2','0,24','2,24');
Insert into ABACERIA.ABA_FACTURAS_DETALLE (FAC_DET_ID,FAC_CAB_ID,ABA_PRODUCTOS_PRO_ID,FAC_DET_CANTIDAD,FAC_DET_SUBTOTAL,FAC_DET_IVA,FAC_DET_TOTAL) values ('31','51','14','2','7','0,84','7,84');
Insert into ABACERIA.ABA_FACTURAS_DETALLE (FAC_DET_ID,FAC_CAB_ID,ABA_PRODUCTOS_PRO_ID,FAC_DET_CANTIDAD,FAC_DET_SUBTOTAL,FAC_DET_IVA,FAC_DET_TOTAL) values ('32','52','11','2','1,2','0,14','1,34');
Insert into ABACERIA.ABA_FACTURAS_DETALLE (FAC_DET_ID,FAC_CAB_ID,ABA_PRODUCTOS_PRO_ID,FAC_DET_CANTIDAD,FAC_DET_SUBTOTAL,FAC_DET_IVA,FAC_DET_TOTAL) values ('33','52','12','2','2','0,24','2,24');
Insert into ABACERIA.ABA_FACTURAS_DETALLE (FAC_DET_ID,FAC_CAB_ID,ABA_PRODUCTOS_PRO_ID,FAC_DET_CANTIDAD,FAC_DET_SUBTOTAL,FAC_DET_IVA,FAC_DET_TOTAL) values ('34','53','14','2','7','0,84','7,84');
Insert into ABACERIA.ABA_FACTURAS_DETALLE (FAC_DET_ID,FAC_CAB_ID,ABA_PRODUCTOS_PRO_ID,FAC_DET_CANTIDAD,FAC_DET_SUBTOTAL,FAC_DET_IVA,FAC_DET_TOTAL) values ('35','53','17','2','7','0,84','7,84');
Insert into ABACERIA.ABA_FACTURAS_DETALLE (FAC_DET_ID,FAC_CAB_ID,ABA_PRODUCTOS_PRO_ID,FAC_DET_CANTIDAD,FAC_DET_SUBTOTAL,FAC_DET_IVA,FAC_DET_TOTAL) values ('36','54','18','3','9','1,08','10,08');
Insert into ABACERIA.ABA_FACTURAS_DETALLE (FAC_DET_ID,FAC_CAB_ID,ABA_PRODUCTOS_PRO_ID,FAC_DET_CANTIDAD,FAC_DET_SUBTOTAL,FAC_DET_IVA,FAC_DET_TOTAL) values ('37','54','19','3','9','1,08','10,08');
Insert into ABACERIA.ABA_FACTURAS_DETALLE (FAC_DET_ID,FAC_CAB_ID,ABA_PRODUCTOS_PRO_ID,FAC_DET_CANTIDAD,FAC_DET_SUBTOTAL,FAC_DET_IVA,FAC_DET_TOTAL) values ('38','55','20','7','1,4','0,17','1,57');
Insert into ABACERIA.ABA_FACTURAS_DETALLE (FAC_DET_ID,FAC_CAB_ID,ABA_PRODUCTOS_PRO_ID,FAC_DET_CANTIDAD,FAC_DET_SUBTOTAL,FAC_DET_IVA,FAC_DET_TOTAL) values ('39','55','16','1','2','0,24','2,24');
REM INSERTING into ABACERIA.ABA_PERSONAS
SET DEFINE OFF;
Insert into ABACERIA.ABA_PERSONAS (PER_ID,PER_TIPO_ADMINISTRADOR,PER_CEDULA,PER_NOMBRE,PER_APELLIDO,PER_DIRECCION,PER_TELEFONO,PER_CELULAR,PER_USUARIO,PER_CONTRASENIA,PER_ACTIVO,PER_RUC,PER_EMPRESA) values ('28',null,'0106073332','Paul','Arichabala',null,null,null,null,null,'1',null,null);
Insert into ABACERIA.ABA_PERSONAS (PER_ID,PER_TIPO_ADMINISTRADOR,PER_CEDULA,PER_NOMBRE,PER_APELLIDO,PER_DIRECCION,PER_TELEFONO,PER_CELULAR,PER_USUARIO,PER_CONTRASENIA,PER_ACTIVO,PER_RUC,PER_EMPRESA) values ('29',null,'0106073333','Darwin','Leon',null,null,null,null,null,'1',null,null);
Insert into ABACERIA.ABA_PERSONAS (PER_ID,PER_TIPO_ADMINISTRADOR,PER_CEDULA,PER_NOMBRE,PER_APELLIDO,PER_DIRECCION,PER_TELEFONO,PER_CELULAR,PER_USUARIO,PER_CONTRASENIA,PER_ACTIVO,PER_RUC,PER_EMPRESA) values ('26',null,'0106073331','Eduardo','Ayora',null,null,null,null,null,'1',null,null);
Insert into ABACERIA.ABA_PERSONAS (PER_ID,PER_TIPO_ADMINISTRADOR,PER_CEDULA,PER_NOMBRE,PER_APELLIDO,PER_DIRECCION,PER_TELEFONO,PER_CELULAR,PER_USUARIO,PER_CONTRASENIA,PER_ACTIVO,PER_RUC,PER_EMPRESA) values ('30',null,'0106073334','Rene','Guaman',null,null,null,null,null,'1',null,null);
Insert into ABACERIA.ABA_PERSONAS (PER_ID,PER_TIPO_ADMINISTRADOR,PER_CEDULA,PER_NOMBRE,PER_APELLIDO,PER_DIRECCION,PER_TELEFONO,PER_CELULAR,PER_USUARIO,PER_CONTRASENIA,PER_ACTIVO,PER_RUC,PER_EMPRESA) values ('31',null,'0106073335','Marcos','Tamayo',null,null,null,null,null,'1',null,null);
Insert into ABACERIA.ABA_PERSONAS (PER_ID,PER_TIPO_ADMINISTRADOR,PER_CEDULA,PER_NOMBRE,PER_APELLIDO,PER_DIRECCION,PER_TELEFONO,PER_CELULAR,PER_USUARIO,PER_CONTRASENIA,PER_ACTIVO,PER_RUC,PER_EMPRESA) values ('32',null,'0106073336','Israel','Ochoa',null,null,null,null,null,'1',null,null);
Insert into ABACERIA.ABA_PERSONAS (PER_ID,PER_TIPO_ADMINISTRADOR,PER_CEDULA,PER_NOMBRE,PER_APELLIDO,PER_DIRECCION,PER_TELEFONO,PER_CELULAR,PER_USUARIO,PER_CONTRASENIA,PER_ACTIVO,PER_RUC,PER_EMPRESA) values ('33',null,'0106073337','Mary','Montenegro',null,null,null,null,null,'1',null,null);
Insert into ABACERIA.ABA_PERSONAS (PER_ID,PER_TIPO_ADMINISTRADOR,PER_CEDULA,PER_NOMBRE,PER_APELLIDO,PER_DIRECCION,PER_TELEFONO,PER_CELULAR,PER_USUARIO,PER_CONTRASENIA,PER_ACTIVO,PER_RUC,PER_EMPRESA) values ('34','1','0106073338','Xavier','Pauta',null,null,null,'xavier','1','1',null,null);
Insert into ABACERIA.ABA_PERSONAS (PER_ID,PER_TIPO_ADMINISTRADOR,PER_CEDULA,PER_NOMBRE,PER_APELLIDO,PER_DIRECCION,PER_TELEFONO,PER_CELULAR,PER_USUARIO,PER_CONTRASENIA,PER_ACTIVO,PER_RUC,PER_EMPRESA) values ('35','0','0106073339','Daniela','Ochoa',null,null,null,'daniela','1','1',null,null);
Insert into ABACERIA.ABA_PERSONAS (PER_ID,PER_TIPO_ADMINISTRADOR,PER_CEDULA,PER_NOMBRE,PER_APELLIDO,PER_DIRECCION,PER_TELEFONO,PER_CELULAR,PER_USUARIO,PER_CONTRASENIA,PER_ACTIVO,PER_RUC,PER_EMPRESA) values ('36',null,'0106073340','Ximena','Rodriguez',null,null,null,null,null,'1','0106073340001','Pronaca');
Insert into ABACERIA.ABA_PERSONAS (PER_ID,PER_TIPO_ADMINISTRADOR,PER_CEDULA,PER_NOMBRE,PER_APELLIDO,PER_DIRECCION,PER_TELEFONO,PER_CELULAR,PER_USUARIO,PER_CONTRASENIA,PER_ACTIVO,PER_RUC,PER_EMPRESA) values ('37',null,'0106073341','Wilmer','Merchan',null,null,null,null,null,'1',null,null);
REM INSERTING into ABACERIA.ABA_PRODUCTOS
SET DEFINE OFF;
Insert into ABACERIA.ABA_PRODUCTOS (PRO_ID,ABA_CATEGORIAS_CAT_ID,PRO_DESCRIPCION,PRO_STOCK,PRO_TIENE_IVA,PRO_NACIONAL,PRO_PRECIO,PRO_CODIGO_BARRAS,UNI_MED_ID,PRO_ACTIVO) values ('11','13','Pepsi','36','1','0','0,6','101','17','1');
Insert into ABACERIA.ABA_PRODUCTOS (PRO_ID,ABA_CATEGORIAS_CAT_ID,PRO_DESCRIPCION,PRO_STOCK,PRO_TIENE_IVA,PRO_NACIONAL,PRO_PRECIO,PRO_CODIGO_BARRAS,UNI_MED_ID,PRO_ACTIVO) values ('12','18','Jabon','33','1','1','1','102','17','1');
Insert into ABACERIA.ABA_PRODUCTOS (PRO_ID,ABA_CATEGORIAS_CAT_ID,PRO_DESCRIPCION,PRO_STOCK,PRO_TIENE_IVA,PRO_NACIONAL,PRO_PRECIO,PRO_CODIGO_BARRAS,UNI_MED_ID,PRO_ACTIVO) values ('13','19','Detergente','36','1','0','4,2','103','17','1');
Insert into ABACERIA.ABA_PRODUCTOS (PRO_ID,ABA_CATEGORIAS_CAT_ID,PRO_DESCRIPCION,PRO_STOCK,PRO_TIENE_IVA,PRO_NACIONAL,PRO_PRECIO,PRO_CODIGO_BARRAS,UNI_MED_ID,PRO_ACTIVO) values ('14','15','Yogurt','35','1','1','3,5','104','17','1');
Insert into ABACERIA.ABA_PRODUCTOS (PRO_ID,ABA_CATEGORIAS_CAT_ID,PRO_DESCRIPCION,PRO_STOCK,PRO_TIENE_IVA,PRO_NACIONAL,PRO_PRECIO,PRO_CODIGO_BARRAS,UNI_MED_ID,PRO_ACTIVO) values ('15','17','Sal','37','1','1','1','105','4','1');
Insert into ABACERIA.ABA_PRODUCTOS (PRO_ID,ABA_CATEGORIAS_CAT_ID,PRO_DESCRIPCION,PRO_STOCK,PRO_TIENE_IVA,PRO_NACIONAL,PRO_PRECIO,PRO_CODIGO_BARRAS,UNI_MED_ID,PRO_ACTIVO) values ('16','17','Manteca','35','1','1','2','106','4','1');
Insert into ABACERIA.ABA_PRODUCTOS (PRO_ID,ABA_CATEGORIAS_CAT_ID,PRO_DESCRIPCION,PRO_STOCK,PRO_TIENE_IVA,PRO_NACIONAL,PRO_PRECIO,PRO_CODIGO_BARRAS,UNI_MED_ID,PRO_ACTIVO) values ('17','20','Res','37','1','1','3,5','107','4','1');
Insert into ABACERIA.ABA_PRODUCTOS (PRO_ID,ABA_CATEGORIAS_CAT_ID,PRO_DESCRIPCION,PRO_STOCK,PRO_TIENE_IVA,PRO_NACIONAL,PRO_PRECIO,PRO_CODIGO_BARRAS,UNI_MED_ID,PRO_ACTIVO) values ('18','20','Pollo','35','1','1','3','108','4','1');
Insert into ABACERIA.ABA_PRODUCTOS (PRO_ID,ABA_CATEGORIAS_CAT_ID,PRO_DESCRIPCION,PRO_STOCK,PRO_TIENE_IVA,PRO_NACIONAL,PRO_PRECIO,PRO_CODIGO_BARRAS,UNI_MED_ID,PRO_ACTIVO) values ('19','20','Cerdo','36','1','1','3','109','4','0');
Insert into ABACERIA.ABA_PRODUCTOS (PRO_ID,ABA_CATEGORIAS_CAT_ID,PRO_DESCRIPCION,PRO_STOCK,PRO_TIENE_IVA,PRO_NACIONAL,PRO_PRECIO,PRO_CODIGO_BARRAS,UNI_MED_ID,PRO_ACTIVO) values ('20','21','Pan','16','1','1','0,2','110','17','0');
REM INSERTING into ABACERIA.ABA_UNIDADES_MEDIDA
SET DEFINE OFF;
Insert into ABACERIA.ABA_UNIDADES_MEDIDA (UNI_MED_ID,UNI_MED_DESCRIPCION) values ('15','Litro');
Insert into ABACERIA.ABA_UNIDADES_MEDIDA (UNI_MED_ID,UNI_MED_DESCRIPCION) values ('16','Onza');
Insert into ABACERIA.ABA_UNIDADES_MEDIDA (UNI_MED_ID,UNI_MED_DESCRIPCION) values ('17','Unidades');
Insert into ABACERIA.ABA_UNIDADES_MEDIDA (UNI_MED_ID,UNI_MED_DESCRIPCION) values ('18','Galon');
Insert into ABACERIA.ABA_UNIDADES_MEDIDA (UNI_MED_ID,UNI_MED_DESCRIPCION) values ('19','Arroba');
Insert into ABACERIA.ABA_UNIDADES_MEDIDA (UNI_MED_ID,UNI_MED_DESCRIPCION) values ('4','Libras.');
--------------------------------------------------------
--  DDL for Index ABA_CATEGORIAS_PK
--------------------------------------------------------

  CREATE UNIQUE INDEX "ABACERIA"."ABA_CATEGORIAS_PK" ON "ABACERIA"."ABA_CATEGORIAS" ("CAT_ID") 
  PCTFREE 10 INITRANS 2 MAXTRANS 255 COMPUTE STATISTICS 
  STORAGE(INITIAL 65536 NEXT 1048576 MINEXTENTS 1 MAXEXTENTS 2147483645
  PCTINCREASE 0 FREELISTS 1 FREELIST GROUPS 1
  BUFFER_POOL DEFAULT FLASH_CACHE DEFAULT CELL_FLASH_CACHE DEFAULT)
  TABLESPACE "USERS" ;
--------------------------------------------------------
--  DDL for Index ABA_COMPRAS_PROVEEDOR_PK
--------------------------------------------------------

  CREATE UNIQUE INDEX "ABACERIA"."ABA_COMPRAS_PROVEEDOR_PK" ON "ABACERIA"."ABA_COMPRAS_PROVEEDOR" ("COM_PROV_ID") 
  PCTFREE 10 INITRANS 2 MAXTRANS 255 COMPUTE STATISTICS 
  STORAGE(INITIAL 65536 NEXT 1048576 MINEXTENTS 1 MAXEXTENTS 2147483645
  PCTINCREASE 0 FREELISTS 1 FREELIST GROUPS 1
  BUFFER_POOL DEFAULT FLASH_CACHE DEFAULT CELL_FLASH_CACHE DEFAULT)
  TABLESPACE "USERS" ;
--------------------------------------------------------
--  DDL for Index ABA_FACTURAS_CABECERA_PK
--------------------------------------------------------

  CREATE UNIQUE INDEX "ABACERIA"."ABA_FACTURAS_CABECERA_PK" ON "ABACERIA"."ABA_FACTURAS_CABECERA" ("FAC_CAB_ID") 
  PCTFREE 10 INITRANS 2 MAXTRANS 255 COMPUTE STATISTICS 
  STORAGE(INITIAL 65536 NEXT 1048576 MINEXTENTS 1 MAXEXTENTS 2147483645
  PCTINCREASE 0 FREELISTS 1 FREELIST GROUPS 1
  BUFFER_POOL DEFAULT FLASH_CACHE DEFAULT CELL_FLASH_CACHE DEFAULT)
  TABLESPACE "USERS" ;
--------------------------------------------------------
--  DDL for Index ABA_FACTURAS_DETALLE_PK
--------------------------------------------------------

  CREATE UNIQUE INDEX "ABACERIA"."ABA_FACTURAS_DETALLE_PK" ON "ABACERIA"."ABA_FACTURAS_DETALLE" ("FAC_DET_ID") 
  PCTFREE 10 INITRANS 2 MAXTRANS 255 COMPUTE STATISTICS 
  STORAGE(INITIAL 65536 NEXT 1048576 MINEXTENTS 1 MAXEXTENTS 2147483645
  PCTINCREASE 0 FREELISTS 1 FREELIST GROUPS 1
  BUFFER_POOL DEFAULT FLASH_CACHE DEFAULT CELL_FLASH_CACHE DEFAULT)
  TABLESPACE "USERS" ;
--------------------------------------------------------
--  DDL for Index ABA_PERSONAS_PK
--------------------------------------------------------

  CREATE UNIQUE INDEX "ABACERIA"."ABA_PERSONAS_PK" ON "ABACERIA"."ABA_PERSONAS" ("PER_ID") 
  PCTFREE 10 INITRANS 2 MAXTRANS 255 COMPUTE STATISTICS 
  STORAGE(INITIAL 65536 NEXT 1048576 MINEXTENTS 1 MAXEXTENTS 2147483645
  PCTINCREASE 0 FREELISTS 1 FREELIST GROUPS 1
  BUFFER_POOL DEFAULT FLASH_CACHE DEFAULT CELL_FLASH_CACHE DEFAULT)
  TABLESPACE "USERS" ;
--------------------------------------------------------
--  DDL for Index ABA_PRODUCTOS_PK
--------------------------------------------------------

  CREATE UNIQUE INDEX "ABACERIA"."ABA_PRODUCTOS_PK" ON "ABACERIA"."ABA_PRODUCTOS" ("PRO_ID") 
  PCTFREE 10 INITRANS 2 MAXTRANS 255 COMPUTE STATISTICS 
  STORAGE(INITIAL 65536 NEXT 1048576 MINEXTENTS 1 MAXEXTENTS 2147483645
  PCTINCREASE 0 FREELISTS 1 FREELIST GROUPS 1
  BUFFER_POOL DEFAULT FLASH_CACHE DEFAULT CELL_FLASH_CACHE DEFAULT)
  TABLESPACE "USERS" ;
--------------------------------------------------------
--  DDL for Index SYS_C008411
--------------------------------------------------------

  CREATE UNIQUE INDEX "ABACERIA"."SYS_C008411" ON "ABACERIA"."ABA_PERSONAS" ("PER_CEDULA") 
  PCTFREE 10 INITRANS 2 MAXTRANS 255 COMPUTE STATISTICS 
  STORAGE(INITIAL 65536 NEXT 1048576 MINEXTENTS 1 MAXEXTENTS 2147483645
  PCTINCREASE 0 FREELISTS 1 FREELIST GROUPS 1
  BUFFER_POOL DEFAULT FLASH_CACHE DEFAULT CELL_FLASH_CACHE DEFAULT)
  TABLESPACE "USERS" ;
--------------------------------------------------------
--  DDL for Index SYS_C008416
--------------------------------------------------------

  CREATE UNIQUE INDEX "ABACERIA"."SYS_C008416" ON "ABACERIA"."ABA_PERSONAS" ("PER_USUARIO") 
  PCTFREE 10 INITRANS 2 MAXTRANS 255 COMPUTE STATISTICS 
  STORAGE(INITIAL 65536 NEXT 1048576 MINEXTENTS 1 MAXEXTENTS 2147483645
  PCTINCREASE 0 FREELISTS 1 FREELIST GROUPS 1
  BUFFER_POOL DEFAULT FLASH_CACHE DEFAULT CELL_FLASH_CACHE DEFAULT)
  TABLESPACE "USERS" ;
--------------------------------------------------------
--  DDL for Index SYS_C008417
--------------------------------------------------------

  CREATE UNIQUE INDEX "ABACERIA"."SYS_C008417" ON "ABACERIA"."ABA_PRODUCTOS" ("PRO_CODIGO_BARRAS") 
  PCTFREE 10 INITRANS 2 MAXTRANS 255 COMPUTE STATISTICS 
  STORAGE(INITIAL 65536 NEXT 1048576 MINEXTENTS 1 MAXEXTENTS 2147483645
  PCTINCREASE 0 FREELISTS 1 FREELIST GROUPS 1
  BUFFER_POOL DEFAULT FLASH_CACHE DEFAULT CELL_FLASH_CACHE DEFAULT)
  TABLESPACE "USERS" ;
--------------------------------------------------------
--  DDL for Index SYS_C008425
--------------------------------------------------------

  CREATE UNIQUE INDEX "ABACERIA"."SYS_C008425" ON "ABACERIA"."ABA_UNIDADES_MEDIDA" ("UNI_MED_ID") 
  PCTFREE 10 INITRANS 2 MAXTRANS 255 COMPUTE STATISTICS 
  STORAGE(INITIAL 65536 NEXT 1048576 MINEXTENTS 1 MAXEXTENTS 2147483645
  PCTINCREASE 0 FREELISTS 1 FREELIST GROUPS 1
  BUFFER_POOL DEFAULT FLASH_CACHE DEFAULT CELL_FLASH_CACHE DEFAULT)
  TABLESPACE "USERS" ;
--------------------------------------------------------
--  DDL for Index SYS_C008472
--------------------------------------------------------

  CREATE UNIQUE INDEX "ABACERIA"."SYS_C008472" ON "ABACERIA"."ABA_PERSONAS" ("PER_RUC") 
  PCTFREE 10 INITRANS 2 MAXTRANS 255 COMPUTE STATISTICS 
  STORAGE(INITIAL 65536 NEXT 1048576 MINEXTENTS 1 MAXEXTENTS 2147483645
  PCTINCREASE 0 FREELISTS 1 FREELIST GROUPS 1
  BUFFER_POOL DEFAULT FLASH_CACHE DEFAULT CELL_FLASH_CACHE DEFAULT)
  TABLESPACE "USERS" ;
--------------------------------------------------------
--  DDL for Trigger TR_ABA_FAC_DET_STOCK
--------------------------------------------------------

  CREATE OR REPLACE EDITIONABLE TRIGGER "ABACERIA"."TR_ABA_FAC_DET_STOCK" 
--BEFORE o AFTER
AFTER INSERT OR UPDATE ON ABA_FACTURAS_DETALLE

--FOR EACH ROW
DECLARE
    
    var_fac_det_id NUMERIC;
    pro_id NUMERIC;
    det_cantidad NUMERIC;

BEGIN

    SELECT MAX(fac_det_id)
    INTO var_fac_det_id
    FROM aba_facturas_detalle;


    SELECT aba_productos_pro_id
    INTO pro_id
    FROM aba_facturas_detalle
    WHERE fac_det_id = var_fac_det_id;

    SELECT fac_det_cantidad
    INTO det_cantidad
    FROM aba_facturas_detalle
    WHERE fac_det_id = var_fac_det_id;

    actualizar_stock(pro_id, det_cantidad);

END tr_aba_fac_det_stock;
/
ALTER TRIGGER "ABACERIA"."TR_ABA_FAC_DET_STOCK" ENABLE;
--------------------------------------------------------
--  DDL for Procedure ACTUALIZAR_STOCK
--------------------------------------------------------
set define off;

  CREATE OR REPLACE EDITIONABLE PROCEDURE "ABACERIA"."ACTUALIZAR_STOCK" (var_pro_id IN aba_productos.pro_id%TYPE, var_cantidad IN aba_productos.pro_stock%TYPE)
                                            
IS

BEGIN

    UPDATE aba_productos
    SET
    pro_stock = pro_stock - var_cantidad
    WHERE pro_id = var_pro_id;



END actualizar_stock;

/
--------------------------------------------------------
--  DDL for Function OBTENER_VENTAS
--------------------------------------------------------

  CREATE OR REPLACE EDITIONABLE FUNCTION "ABACERIA"."OBTENER_VENTAS" (var_fecha IN DATE)

--RETURN VARCHAR2 
RETURN NUMBER

IS

var_ventas NUMBER;

BEGIN

SELECT SUM(FAC_CAB_TOTAL)
INTO var_ventas
FROM aba_facturas_cabecera
WHERE var_fecha = fac_cab_fecha;

RETURN var_ventas;

END obtener_ventas;

/
--------------------------------------------------------
--  Constraints for Table ABA_CATEGORIAS
--------------------------------------------------------

  ALTER TABLE "ABACERIA"."ABA_CATEGORIAS" MODIFY ("CAT_ID" NOT NULL ENABLE);
  ALTER TABLE "ABACERIA"."ABA_CATEGORIAS" MODIFY ("CAT_NOMBRE" NOT NULL ENABLE);
  ALTER TABLE "ABACERIA"."ABA_CATEGORIAS" ADD CONSTRAINT "ABA_CATEGORIAS_PK" PRIMARY KEY ("CAT_ID")
  USING INDEX PCTFREE 10 INITRANS 2 MAXTRANS 255 COMPUTE STATISTICS 
  STORAGE(INITIAL 65536 NEXT 1048576 MINEXTENTS 1 MAXEXTENTS 2147483645
  PCTINCREASE 0 FREELISTS 1 FREELIST GROUPS 1
  BUFFER_POOL DEFAULT FLASH_CACHE DEFAULT CELL_FLASH_CACHE DEFAULT)
  TABLESPACE "USERS"  ENABLE;
--------------------------------------------------------
--  Constraints for Table ABA_COMPRAS_PROVEEDOR
--------------------------------------------------------

  ALTER TABLE "ABACERIA"."ABA_COMPRAS_PROVEEDOR" MODIFY ("COM_PROV_ID" NOT NULL ENABLE);
  ALTER TABLE "ABACERIA"."ABA_COMPRAS_PROVEEDOR" MODIFY ("COM_PROV_FECHA" NOT NULL ENABLE);
  ALTER TABLE "ABACERIA"."ABA_COMPRAS_PROVEEDOR" MODIFY ("COM_PROV_CANTIDAD" NOT NULL ENABLE);
  ALTER TABLE "ABACERIA"."ABA_COMPRAS_PROVEEDOR" MODIFY ("ABA_PRODUCTOS_PRO_ID" NOT NULL ENABLE);
  ALTER TABLE "ABACERIA"."ABA_COMPRAS_PROVEEDOR" MODIFY ("ABA_PERSONAS_PER_ID" NOT NULL ENABLE);
  ALTER TABLE "ABACERIA"."ABA_COMPRAS_PROVEEDOR" MODIFY ("COM_PROV_NUMERO_FACTURA" NOT NULL ENABLE);
  ALTER TABLE "ABACERIA"."ABA_COMPRAS_PROVEEDOR" ADD CONSTRAINT "ABA_COMPRAS_PROVEEDOR_PK" PRIMARY KEY ("COM_PROV_ID")
  USING INDEX PCTFREE 10 INITRANS 2 MAXTRANS 255 COMPUTE STATISTICS 
  STORAGE(INITIAL 65536 NEXT 1048576 MINEXTENTS 1 MAXEXTENTS 2147483645
  PCTINCREASE 0 FREELISTS 1 FREELIST GROUPS 1
  BUFFER_POOL DEFAULT FLASH_CACHE DEFAULT CELL_FLASH_CACHE DEFAULT)
  TABLESPACE "USERS"  ENABLE;
--------------------------------------------------------
--  Constraints for Table ABA_FACTURAS_CABECERA
--------------------------------------------------------

  ALTER TABLE "ABACERIA"."ABA_FACTURAS_CABECERA" MODIFY ("FAC_CAB_ID" NOT NULL ENABLE);
  ALTER TABLE "ABACERIA"."ABA_FACTURAS_CABECERA" MODIFY ("FAC_CAB_ESTADO" NOT NULL ENABLE);
  ALTER TABLE "ABACERIA"."ABA_FACTURAS_CABECERA" MODIFY ("FAC_CAB_FECHA" NOT NULL ENABLE);
  ALTER TABLE "ABACERIA"."ABA_FACTURAS_CABECERA" MODIFY ("FAC_CAB_SUBTOTAL" NOT NULL ENABLE);
  ALTER TABLE "ABACERIA"."ABA_FACTURAS_CABECERA" MODIFY ("FAC_CAB_IVA" NOT NULL ENABLE);
  ALTER TABLE "ABACERIA"."ABA_FACTURAS_CABECERA" MODIFY ("FAC_CAB_TOTAL" NOT NULL ENABLE);
  ALTER TABLE "ABACERIA"."ABA_FACTURAS_CABECERA" MODIFY ("ABA_PERSONAS_PER_ID1" NOT NULL ENABLE);
  ALTER TABLE "ABACERIA"."ABA_FACTURAS_CABECERA" MODIFY ("ABA_PERSONAS_PER_ID" NOT NULL ENABLE);
  ALTER TABLE "ABACERIA"."ABA_FACTURAS_CABECERA" ADD CONSTRAINT "ABA_FACTURAS_CABECERA_PK" PRIMARY KEY ("FAC_CAB_ID")
  USING INDEX PCTFREE 10 INITRANS 2 MAXTRANS 255 COMPUTE STATISTICS 
  STORAGE(INITIAL 65536 NEXT 1048576 MINEXTENTS 1 MAXEXTENTS 2147483645
  PCTINCREASE 0 FREELISTS 1 FREELIST GROUPS 1
  BUFFER_POOL DEFAULT FLASH_CACHE DEFAULT CELL_FLASH_CACHE DEFAULT)
  TABLESPACE "USERS"  ENABLE;
--------------------------------------------------------
--  Constraints for Table ABA_FACTURAS_DETALLE
--------------------------------------------------------

  ALTER TABLE "ABACERIA"."ABA_FACTURAS_DETALLE" MODIFY ("FAC_DET_ID" NOT NULL ENABLE);
  ALTER TABLE "ABACERIA"."ABA_FACTURAS_DETALLE" MODIFY ("FAC_CAB_ID" NOT NULL ENABLE);
  ALTER TABLE "ABACERIA"."ABA_FACTURAS_DETALLE" MODIFY ("ABA_PRODUCTOS_PRO_ID" NOT NULL ENABLE);
  ALTER TABLE "ABACERIA"."ABA_FACTURAS_DETALLE" MODIFY ("FAC_DET_CANTIDAD" NOT NULL ENABLE);
  ALTER TABLE "ABACERIA"."ABA_FACTURAS_DETALLE" MODIFY ("FAC_DET_SUBTOTAL" NOT NULL ENABLE);
  ALTER TABLE "ABACERIA"."ABA_FACTURAS_DETALLE" MODIFY ("FAC_DET_IVA" NOT NULL ENABLE);
  ALTER TABLE "ABACERIA"."ABA_FACTURAS_DETALLE" MODIFY ("FAC_DET_TOTAL" NOT NULL ENABLE);
  ALTER TABLE "ABACERIA"."ABA_FACTURAS_DETALLE" ADD CONSTRAINT "ABA_FACTURAS_DETALLE_PK" PRIMARY KEY ("FAC_DET_ID")
  USING INDEX PCTFREE 10 INITRANS 2 MAXTRANS 255 COMPUTE STATISTICS 
  STORAGE(INITIAL 65536 NEXT 1048576 MINEXTENTS 1 MAXEXTENTS 2147483645
  PCTINCREASE 0 FREELISTS 1 FREELIST GROUPS 1
  BUFFER_POOL DEFAULT FLASH_CACHE DEFAULT CELL_FLASH_CACHE DEFAULT)
  TABLESPACE "USERS"  ENABLE;
--------------------------------------------------------
--  Constraints for Table ABA_PERSONAS
--------------------------------------------------------

  ALTER TABLE "ABACERIA"."ABA_PERSONAS" MODIFY ("PER_ID" NOT NULL ENABLE);
  ALTER TABLE "ABACERIA"."ABA_PERSONAS" MODIFY ("PER_CEDULA" NOT NULL ENABLE);
  ALTER TABLE "ABACERIA"."ABA_PERSONAS" MODIFY ("PER_NOMBRE" NOT NULL ENABLE);
  ALTER TABLE "ABACERIA"."ABA_PERSONAS" MODIFY ("PER_APELLIDO" NOT NULL ENABLE);
  ALTER TABLE "ABACERIA"."ABA_PERSONAS" ADD CONSTRAINT "ABA_PERSONAS_PK" PRIMARY KEY ("PER_ID")
  USING INDEX PCTFREE 10 INITRANS 2 MAXTRANS 255 COMPUTE STATISTICS 
  STORAGE(INITIAL 65536 NEXT 1048576 MINEXTENTS 1 MAXEXTENTS 2147483645
  PCTINCREASE 0 FREELISTS 1 FREELIST GROUPS 1
  BUFFER_POOL DEFAULT FLASH_CACHE DEFAULT CELL_FLASH_CACHE DEFAULT)
  TABLESPACE "USERS"  ENABLE;
  ALTER TABLE "ABACERIA"."ABA_PERSONAS" ADD UNIQUE ("PER_RUC")
  USING INDEX PCTFREE 10 INITRANS 2 MAXTRANS 255 COMPUTE STATISTICS 
  STORAGE(INITIAL 65536 NEXT 1048576 MINEXTENTS 1 MAXEXTENTS 2147483645
  PCTINCREASE 0 FREELISTS 1 FREELIST GROUPS 1
  BUFFER_POOL DEFAULT FLASH_CACHE DEFAULT CELL_FLASH_CACHE DEFAULT)
  TABLESPACE "USERS"  ENABLE;
  ALTER TABLE "ABACERIA"."ABA_PERSONAS" ADD UNIQUE ("PER_CEDULA")
  USING INDEX PCTFREE 10 INITRANS 2 MAXTRANS 255 COMPUTE STATISTICS 
  STORAGE(INITIAL 65536 NEXT 1048576 MINEXTENTS 1 MAXEXTENTS 2147483645
  PCTINCREASE 0 FREELISTS 1 FREELIST GROUPS 1
  BUFFER_POOL DEFAULT FLASH_CACHE DEFAULT CELL_FLASH_CACHE DEFAULT)
  TABLESPACE "USERS"  ENABLE;
  ALTER TABLE "ABACERIA"."ABA_PERSONAS" ADD UNIQUE ("PER_USUARIO")
  USING INDEX PCTFREE 10 INITRANS 2 MAXTRANS 255 COMPUTE STATISTICS 
  STORAGE(INITIAL 65536 NEXT 1048576 MINEXTENTS 1 MAXEXTENTS 2147483645
  PCTINCREASE 0 FREELISTS 1 FREELIST GROUPS 1
  BUFFER_POOL DEFAULT FLASH_CACHE DEFAULT CELL_FLASH_CACHE DEFAULT)
  TABLESPACE "USERS"  ENABLE;
--------------------------------------------------------
--  Constraints for Table ABA_PRODUCTOS
--------------------------------------------------------

  ALTER TABLE "ABACERIA"."ABA_PRODUCTOS" MODIFY ("PRO_ID" NOT NULL ENABLE);
  ALTER TABLE "ABACERIA"."ABA_PRODUCTOS" MODIFY ("ABA_CATEGORIAS_CAT_ID" NOT NULL ENABLE);
  ALTER TABLE "ABACERIA"."ABA_PRODUCTOS" MODIFY ("PRO_DESCRIPCION" NOT NULL ENABLE);
  ALTER TABLE "ABACERIA"."ABA_PRODUCTOS" MODIFY ("PRO_STOCK" NOT NULL ENABLE);
  ALTER TABLE "ABACERIA"."ABA_PRODUCTOS" MODIFY ("PRO_TIENE_IVA" NOT NULL ENABLE);
  ALTER TABLE "ABACERIA"."ABA_PRODUCTOS" MODIFY ("PRO_NACIONAL" NOT NULL ENABLE);
  ALTER TABLE "ABACERIA"."ABA_PRODUCTOS" MODIFY ("PRO_PRECIO" NOT NULL ENABLE);
  ALTER TABLE "ABACERIA"."ABA_PRODUCTOS" ADD CONSTRAINT "ABA_PRODUCTOS_PK" PRIMARY KEY ("PRO_ID")
  USING INDEX PCTFREE 10 INITRANS 2 MAXTRANS 255 COMPUTE STATISTICS 
  STORAGE(INITIAL 65536 NEXT 1048576 MINEXTENTS 1 MAXEXTENTS 2147483645
  PCTINCREASE 0 FREELISTS 1 FREELIST GROUPS 1
  BUFFER_POOL DEFAULT FLASH_CACHE DEFAULT CELL_FLASH_CACHE DEFAULT)
  TABLESPACE "USERS"  ENABLE;
  ALTER TABLE "ABACERIA"."ABA_PRODUCTOS" ADD UNIQUE ("PRO_CODIGO_BARRAS")
  USING INDEX PCTFREE 10 INITRANS 2 MAXTRANS 255 COMPUTE STATISTICS 
  STORAGE(INITIAL 65536 NEXT 1048576 MINEXTENTS 1 MAXEXTENTS 2147483645
  PCTINCREASE 0 FREELISTS 1 FREELIST GROUPS 1
  BUFFER_POOL DEFAULT FLASH_CACHE DEFAULT CELL_FLASH_CACHE DEFAULT)
  TABLESPACE "USERS"  ENABLE;
  ALTER TABLE "ABACERIA"."ABA_PRODUCTOS" MODIFY ("UNI_MED_ID" NOT NULL ENABLE);
  ALTER TABLE "ABACERIA"."ABA_PRODUCTOS" ADD CHECK (pro_stock>=0) ENABLE;
  ALTER TABLE "ABACERIA"."ABA_PRODUCTOS" ADD CHECK (pro_nacional = 0 OR pro_nacional = 1) ENABLE;
  ALTER TABLE "ABACERIA"."ABA_PRODUCTOS" MODIFY ("PRO_ACTIVO" NOT NULL ENABLE);
  ALTER TABLE "ABACERIA"."ABA_PRODUCTOS" ADD CHECK (pro_activo = 0 OR pro_activo = 1) ENABLE;
--------------------------------------------------------
--  Constraints for Table ABA_UNIDADES_MEDIDA
--------------------------------------------------------

  ALTER TABLE "ABACERIA"."ABA_UNIDADES_MEDIDA" MODIFY ("UNI_MED_DESCRIPCION" NOT NULL ENABLE);
  ALTER TABLE "ABACERIA"."ABA_UNIDADES_MEDIDA" ADD PRIMARY KEY ("UNI_MED_ID")
  USING INDEX PCTFREE 10 INITRANS 2 MAXTRANS 255 COMPUTE STATISTICS 
  STORAGE(INITIAL 65536 NEXT 1048576 MINEXTENTS 1 MAXEXTENTS 2147483645
  PCTINCREASE 0 FREELISTS 1 FREELIST GROUPS 1
  BUFFER_POOL DEFAULT FLASH_CACHE DEFAULT CELL_FLASH_CACHE DEFAULT)
  TABLESPACE "USERS"  ENABLE;
--------------------------------------------------------
--  Ref Constraints for Table ABA_COMPRAS_PROVEEDOR
--------------------------------------------------------

  ALTER TABLE "ABACERIA"."ABA_COMPRAS_PROVEEDOR" ADD CONSTRAINT "COM_PROV_PER_FK" FOREIGN KEY ("ABA_PERSONAS_PER_ID")
	  REFERENCES "ABACERIA"."ABA_PERSONAS" ("PER_ID") ENABLE;
  ALTER TABLE "ABACERIA"."ABA_COMPRAS_PROVEEDOR" ADD CONSTRAINT "COM_PROV_PRO_FK" FOREIGN KEY ("ABA_PRODUCTOS_PRO_ID")
	  REFERENCES "ABACERIA"."ABA_PRODUCTOS" ("PRO_ID") ENABLE;
--------------------------------------------------------
--  Ref Constraints for Table ABA_FACTURAS_CABECERA
--------------------------------------------------------

  ALTER TABLE "ABACERIA"."ABA_FACTURAS_CABECERA" ADD CONSTRAINT "FAC_CAB_PER_FK" FOREIGN KEY ("ABA_PERSONAS_PER_ID")
	  REFERENCES "ABACERIA"."ABA_PERSONAS" ("PER_ID") ENABLE;
  ALTER TABLE "ABACERIA"."ABA_FACTURAS_CABECERA" ADD CONSTRAINT "FAC_CAB_PER_FKV2" FOREIGN KEY ("ABA_PERSONAS_PER_ID1")
	  REFERENCES "ABACERIA"."ABA_PERSONAS" ("PER_ID") ENABLE;
--------------------------------------------------------
--  Ref Constraints for Table ABA_FACTURAS_DETALLE
--------------------------------------------------------

  ALTER TABLE "ABACERIA"."ABA_FACTURAS_DETALLE" ADD CONSTRAINT "FAC_DET_FAC_CAB_FK" FOREIGN KEY ("FAC_CAB_ID")
	  REFERENCES "ABACERIA"."ABA_FACTURAS_CABECERA" ("FAC_CAB_ID") ENABLE;
  ALTER TABLE "ABACERIA"."ABA_FACTURAS_DETALLE" ADD CONSTRAINT "FAC_DET_PRO_FK" FOREIGN KEY ("ABA_PRODUCTOS_PRO_ID")
	  REFERENCES "ABACERIA"."ABA_PRODUCTOS" ("PRO_ID") ENABLE;
--------------------------------------------------------
--  Ref Constraints for Table ABA_PRODUCTOS
--------------------------------------------------------

  ALTER TABLE "ABACERIA"."ABA_PRODUCTOS" ADD CONSTRAINT "PRO_CAT_FK" FOREIGN KEY ("ABA_CATEGORIAS_CAT_ID")
	  REFERENCES "ABACERIA"."ABA_CATEGORIAS" ("CAT_ID") ENABLE;
  ALTER TABLE "ABACERIA"."ABA_PRODUCTOS" ADD CONSTRAINT "PRO_UNI_MED_FK" FOREIGN KEY ("UNI_MED_ID")
	  REFERENCES "ABACERIA"."ABA_UNIDADES_MEDIDA" ("UNI_MED_ID") ENABLE;
